"","year","Element","total","continent"
"1","Y1986","Export Quantity",11126,"Africa"
"2","Y1986","Export Value",2518,"Africa"
"3","Y1986","Import Quantity",352475,"Africa"
"4","Y1986","Import Value",109061,"Africa"
"5","Y1987","Export Quantity",19412,"Africa"
"6","Y1987","Export Value",6289,"Africa"
"7","Y1987","Import Quantity",144475,"Africa"
"8","Y1987","Import Value",57054,"Africa"
"9","Y1988","Export Quantity",11695,"Africa"
"10","Y1988","Export Value",4848,"Africa"
"11","Y1988","Import Quantity",169315,"Africa"
"12","Y1988","Import Value",100092,"Africa"
"13","Y1989","Export Quantity",22505,"Africa"
"14","Y1989","Export Value",8603,"Africa"
"15","Y1989","Import Quantity",84876,"Africa"
"16","Y1989","Import Value",67792,"Africa"
"17","Y1990","Export Quantity",21267,"Africa"
"18","Y1990","Export Value",9769,"Africa"
"19","Y1990","Import Quantity",294468,"Africa"
"20","Y1990","Import Value",113878,"Africa"
"21","Y1991","Export Quantity",8328,"Africa"
"22","Y1991","Export Value",6594,"Africa"
"23","Y1991","Import Quantity",299366,"Africa"
"24","Y1991","Import Value",126935,"Africa"
"25","Y1992","Export Quantity",40450,"Africa"
"26","Y1992","Export Value",8135,"Africa"
"27","Y1992","Import Quantity",555292,"Africa"
"28","Y1992","Import Value",236637,"Africa"
"29","Y1993","Export Quantity",36086,"Africa"
"30","Y1993","Export Value",7998,"Africa"
"31","Y1993","Import Quantity",373029,"Africa"
"32","Y1993","Import Value",169406,"Africa"
"33","Y1994","Export Quantity",8044,"Africa"
"34","Y1994","Export Value",4174,"Africa"
"35","Y1994","Import Quantity",362822,"Africa"
"36","Y1994","Import Value",172784,"Africa"
"37","Y1995","Export Quantity",9769,"Africa"
"38","Y1995","Export Value",7618,"Africa"
"39","Y1995","Import Quantity",416199,"Africa"
"40","Y1995","Import Value",323117,"Africa"
"41","Y1996","Export Quantity",51416,"Africa"
"42","Y1996","Export Value",46534,"Africa"
"43","Y1996","Import Quantity",624508,"Africa"
"44","Y1996","Import Value",434518,"Africa"
"45","Y1997","Export Quantity",129515,"Africa"
"46","Y1997","Export Value",90858,"Africa"
"47","Y1997","Import Quantity",536157,"Africa"
"48","Y1997","Import Value",289154,"Africa"
"49","Y1998","Export Quantity",161053,"Africa"
"50","Y1998","Export Value",116646,"Africa"
"51","Y1998","Import Quantity",793483,"Africa"
"52","Y1998","Import Value",526124,"Africa"
"53","Y1999","Export Quantity",131576,"Africa"
"54","Y1999","Export Value",87325,"Africa"
"55","Y1999","Import Quantity",670287,"Africa"
"56","Y1999","Import Value",378776,"Africa"
"57","Y2000","Export Quantity",130364,"Africa"
"58","Y2000","Export Value",65804,"Africa"
"59","Y2000","Import Quantity",975214,"Africa"
"60","Y2000","Import Value",382269,"Africa"
"61","Y2001","Export Quantity",140948,"Africa"
"62","Y2001","Export Value",54709,"Africa"
"63","Y2001","Import Quantity",1286774,"Africa"
"64","Y2001","Import Value",402740,"Africa"
"65","Y2002","Export Quantity",96498,"Africa"
"66","Y2002","Export Value",52693,"Africa"
"67","Y2002","Import Quantity",1303633,"Africa"
"68","Y2002","Import Value",533881,"Africa"
"69","Y2003","Export Quantity",141024,"Africa"
"70","Y2003","Export Value",99404,"Africa"
"71","Y2003","Import Quantity",1199471,"Africa"
"72","Y2003","Import Value",604189,"Africa"
"73","Y2004","Export Quantity",173221,"Africa"
"74","Y2004","Export Value",119733,"Africa"
"75","Y2004","Import Quantity",1759841,"Africa"
"76","Y2004","Import Value",797298,"Africa"
"77","Y2005","Export Quantity",234739,"Africa"
"78","Y2005","Export Value",132193,"Africa"
"79","Y2005","Import Quantity",2317892,"Africa"
"80","Y2005","Import Value",968658,"Africa"
"81","Y2006","Export Quantity",180358,"Africa"
"82","Y2006","Export Value",114442,"Africa"
"83","Y2006","Import Quantity",2769404,"Africa"
"84","Y2006","Import Value",1268718,"Africa"
"85","Y2007","Export Quantity",187947,"Africa"
"86","Y2007","Export Value",171815,"Africa"
"87","Y2007","Import Quantity",2058243,"Africa"
"88","Y2007","Import Value",1417838,"Africa"
"89","Y2008","Export Quantity",194833,"Africa"
"90","Y2008","Export Value",245850,"Africa"
"91","Y2008","Import Quantity",2020578,"Africa"
"92","Y2008","Import Value",2021801,"Africa"
"93","Y2009","Export Quantity",312261,"Africa"
"94","Y2009","Export Value",241276,"Africa"
"95","Y2009","Import Quantity",2180487,"Africa"
"96","Y2009","Import Value",1870985,"Africa"
"97","Y2010","Export Quantity",333021,"Africa"
"98","Y2010","Export Value",292710,"Africa"
"99","Y2010","Import Quantity",2199362,"Africa"
"100","Y2010","Import Value",1808661,"Africa"
"101","Y2011","Export Quantity",341155,"Africa"
"102","Y2011","Export Value",401706,"Africa"
"103","Y2011","Import Quantity",2122387,"Africa"
"104","Y2011","Import Value",2765709,"Africa"
"105","Y2012","Export Quantity",392454,"Africa"
"106","Y2012","Export Value",402636,"Africa"
"107","Y2012","Import Quantity",2054614,"Africa"
"108","Y2012","Import Value",2182920,"Africa"
"109","Y2013","Export Quantity",397983,"Africa"
"110","Y2013","Export Value",400123,"Africa"
"111","Y2013","Import Quantity",3459546,"Africa"
"112","Y2013","Import Value",3112096,"Africa"
"113","Y2014","Export Quantity",553800.7,"Africa"
"114","Y2014","Export Value",556632,"Africa"
"115","Y2014","Import Quantity",5601188.48,"Africa"
"116","Y2014","Import Value",5033275,"Africa"
"117","Y2015","Export Quantity",655282.82,"Africa"
"118","Y2015","Export Value",477327,"Africa"
"119","Y2015","Import Quantity",5886171.84,"Africa"
"120","Y2015","Import Value",4208162,"Africa"
"121","Y2016","Export Quantity",648813.43,"Africa"
"122","Y2016","Export Value",569391,"Africa"
"123","Y2016","Import Quantity",5310174.73,"Africa"
"124","Y2016","Import Value",3828013,"Africa"
"125","Y2017","Export Quantity",816537.19,"Africa"
"126","Y2017","Export Value",1120039,"Africa"
"127","Y2017","Import Quantity",5896815.8,"Africa"
"128","Y2017","Import Value",4704589,"Africa"
"129","Y2018","Export Quantity",786206.01,"Africa"
"130","Y2018","Export Value",798150,"Africa"
"131","Y2018","Import Quantity",6203579.67,"Africa"
"132","Y2018","Import Value",4586809,"Africa"
"133","Y2019","Export Quantity",832503.22,"Africa"
"134","Y2019","Export Value",622334,"Africa"
"135","Y2019","Import Quantity",6811130.55,"Africa"
"136","Y2019","Import Value",4129190,"Africa"
"137","Y2020","Export Quantity",844435.9,"Africa"
"138","Y2020","Export Value",677809,"Africa"
"139","Y2020","Import Quantity",6719553.97,"Africa"
"140","Y2020","Import Value",4828081,"Africa"
"141","Y2021","Export Quantity",727101.37,"Africa"
"142","Y2021","Export Value",736611,"Africa"
"143","Y2021","Import Quantity",5967095.05,"Africa"
"144","Y2021","Import Value",6275317,"Africa"
"145","Y1986","Export Quantity",5544329,"Asia"
"146","Y1986","Export Value",1561087,"Asia"
"147","Y1986","Import Quantity",1833435,"Asia"
"148","Y1986","Import Value",543599,"Asia"
"149","Y1987","Export Quantity",5143535,"Asia"
"150","Y1987","Export Value",1649598,"Asia"
"151","Y1987","Import Quantity",2756717,"Asia"
"152","Y1987","Import Value",1026578,"Asia"
"153","Y1988","Export Quantity",5355273,"Asia"
"154","Y1988","Export Value",2236412,"Asia"
"155","Y1988","Import Quantity",2640036,"Asia"
"156","Y1988","Import Value",1185859,"Asia"
"157","Y1989","Export Quantity",6346528,"Asia"
"158","Y1989","Export Value",2255235,"Asia"
"159","Y1989","Import Quantity",3173142,"Asia"
"160","Y1989","Import Value",1259474,"Asia"
"161","Y1990","Export Quantity",7180540,"Asia"
"162","Y1990","Export Value",2098468,"Asia"
"163","Y1990","Import Quantity",3967270,"Asia"
"164","Y1990","Import Value",1291076,"Asia"
"165","Y1991","Export Quantity",7547433,"Asia"
"166","Y1991","Export Value",2500265,"Asia"
"167","Y1991","Import Quantity",4057133,"Asia"
"168","Y1991","Import Value",1538358,"Asia"
"169","Y1992","Export Quantity",7310794,"Asia"
"170","Y1992","Export Value",2804734,"Asia"
"171","Y1992","Import Quantity",3563174,"Asia"
"172","Y1992","Import Value",1523293,"Asia"
"173","Y1993","Export Quantity",8000365,"Asia"
"174","Y1993","Export Value",3063978,"Asia"
"175","Y1993","Import Quantity",3819212,"Asia"
"176","Y1993","Import Value",1732381,"Asia"
"177","Y1994","Export Quantity",9905709,"Asia"
"178","Y1994","Export Value",4696417,"Asia"
"179","Y1994","Import Quantity",4872885,"Asia"
"180","Y1994","Import Value",2488392,"Asia"
"181","Y1995","Export Quantity",9337416,"Asia"
"182","Y1995","Export Value",5770808,"Asia"
"183","Y1995","Import Quantity",5163403,"Asia"
"184","Y1995","Import Value",3589569,"Asia"
"185","Y1996","Export Quantity",9710176,"Asia"
"186","Y1996","Export Value",5010279,"Asia"
"187","Y1996","Import Quantity",4781564,"Asia"
"188","Y1996","Import Value",2888335,"Asia"
"189","Y1997","Export Quantity",3520448,"Asia"
"190","Y1997","Export Value",1795128,"Asia"
"191","Y1997","Import Quantity",4617870,"Asia"
"192","Y1997","Import Value",2630484,"Asia"
"193","Y1998","Export Quantity",9087510,"Asia"
"194","Y1998","Export Value",5457247,"Asia"
"195","Y1998","Import Quantity",5448433,"Asia"
"196","Y1998","Import Value",3611260,"Asia"
"197","Y1999","Export Quantity",12181223,"Asia"
"198","Y1999","Export Value",5026437,"Asia"
"199","Y1999","Import Quantity",6370929,"Asia"
"200","Y1999","Import Value",3143289,"Asia"
"201","Y2000","Export Quantity",12547207,"Asia"
"202","Y2000","Export Value",3772608,"Asia"
"203","Y2000","Import Quantity",7189623,"Asia"
"204","Y2000","Import Value",2386000,"Asia"
"205","Y2001","Export Quantity",15364537,"Asia"
"206","Y2001","Export Value",3767066,"Asia"
"207","Y2001","Import Quantity",7663089,"Asia"
"208","Y2001","Import Value",2288114,"Asia"
"209","Y2002","Export Quantity",17129539,"Asia"
"210","Y2002","Export Value",6072558,"Asia"
"211","Y2002","Import Quantity",9173305,"Asia"
"212","Y2002","Import Value",3525272,"Asia"
"213","Y2003","Export Quantity",18862680,"Asia"
"214","Y2003","Export Value",7880357,"Asia"
"215","Y2003","Import Quantity",11462386,"Asia"
"216","Y2003","Import Value",5147089,"Asia"
"217","Y2004","Export Quantity",20805236,"Asia"
"218","Y2004","Export Value",9106884,"Asia"
"219","Y2004","Import Quantity",12333706,"Asia"
"220","Y2004","Import Value",6028044,"Asia"
"221","Y2005","Export Quantity",23946936,"Asia"
"222","Y2005","Export Value",8859334,"Asia"
"223","Y2005","Import Quantity",12665493,"Asia"
"224","Y2005","Import Value",5433993,"Asia"
"225","Y2006","Export Quantity",26743257,"Asia"
"226","Y2006","Export Value",10820277,"Asia"
"227","Y2006","Import Quantity",14400799,"Asia"
"228","Y2006","Import Value",6408183,"Asia"
"229","Y2007","Export Quantity",22421269,"Asia"
"230","Y2007","Export Value",16464193,"Asia"
"231","Y2007","Import Quantity",14830231,"Asia"
"232","Y2007","Import Value",9062533,"Asia"
"233","Y2008","Export Quantity",29156183,"Asia"
"234","Y2008","Export Value",25924461,"Asia"
"235","Y2008","Import Quantity",16102535,"Asia"
"236","Y2008","Import Value",13011776,"Asia"
"237","Y2009","Export Quantity",31156996,"Asia"
"238","Y2009","Export Value",19975351,"Asia"
"239","Y2009","Import Quantity",18062812,"Asia"
"240","Y2009","Import Value",12206900,"Asia"
"241","Y2010","Export Quantity",31461644,"Asia"
"242","Y2010","Export Value",26267078,"Asia"
"243","Y2010","Import Quantity",16256633,"Asia"
"244","Y2010","Import Value",13405847,"Asia"
"245","Y2011","Export Quantity",32739639,"Asia"
"246","Y2011","Export Value",35402795,"Asia"
"247","Y2011","Import Quantity",18954457,"Asia"
"248","Y2011","Import Value",21514206,"Asia"
"249","Y2012","Export Quantity",34910118,"Asia"
"250","Y2012","Export Value",33538524,"Asia"
"251","Y2012","Import Quantity",21168221,"Asia"
"252","Y2012","Import Value",21962980,"Asia"
"253","Y2013","Export Quantity",36698988,"Asia"
"254","Y2013","Export Value",28850322,"Asia"
"255","Y2013","Import Quantity",20926477,"Asia"
"256","Y2013","Import Value",17428958,"Asia"
"257","Y2014","Export Quantity",38564165.26,"Asia"
"258","Y2014","Export Value",30004932,"Asia"
"259","Y2014","Import Quantity",23058974.91,"Asia"
"260","Y2014","Import Value",19379751,"Asia"
"261","Y2015","Export Quantity",42228688.31,"Asia"
"262","Y2015","Export Value",25227608,"Asia"
"263","Y2015","Import Quantity",27119861.66,"Asia"
"264","Y2015","Import Value",17542988,"Asia"
"265","Y2016","Export Quantity",36906156.8,"Asia"
"266","Y2016","Export Value",23759825,"Asia"
"267","Y2016","Import Quantity",22345420,"Asia"
"268","Y2016","Import Value",15402668,"Asia"
"269","Y2017","Export Quantity",41822786.37,"Asia"
"270","Y2017","Export Value",28706443,"Asia"
"271","Y2017","Import Quantity",24827022.23,"Asia"
"272","Y2017","Import Value",18217890,"Asia"
"273","Y2018","Export Quantity",42489667.64,"Asia"
"274","Y2018","Export Value",25787787,"Asia"
"275","Y2018","Import Quantity",25427941.42,"Asia"
"276","Y2018","Import Value",16483278,"Asia"
"277","Y2019","Export Quantity",43578139.53,"Asia"
"278","Y2019","Export Value",23636518,"Asia"
"279","Y2019","Import Quantity",29156509.37,"Asia"
"280","Y2019","Import Value",16422336,"Asia"
"281","Y2020","Export Quantity",41310682.15,"Asia"
"282","Y2020","Export Value",27825102,"Asia"
"283","Y2020","Import Quantity",25470380.87,"Asia"
"284","Y2020","Import Value",17795414,"Asia"
"285","Y2021","Export Quantity",40429391.22,"Asia"
"286","Y2021","Export Value",42604299,"Asia"
"287","Y2021","Import Quantity",27456727.25,"Asia"
"288","Y2021","Import Value",29820687,"Asia"
"289","Y1986","Export Quantity",15383,"Americas"
"290","Y1986","Export Value",3980,"Americas"
"291","Y1986","Import Quantity",290500,"Americas"
"292","Y1986","Import Value",105216,"Americas"
"293","Y1987","Export Quantity",19523,"Americas"
"294","Y1987","Export Value",7177,"Americas"
"295","Y1987","Import Quantity",201503,"Americas"
"296","Y1987","Import Value",68977,"Americas"
"297","Y1988","Export Quantity",11448,"Americas"
"298","Y1988","Export Value",4623,"Americas"
"299","Y1988","Import Quantity",172621,"Americas"
"300","Y1988","Import Value",79140,"Americas"
"301","Y1989","Export Quantity",12822,"Americas"
"302","Y1989","Export Value",6267,"Americas"
"303","Y1989","Import Quantity",179227,"Americas"
"304","Y1989","Import Value",78481,"Americas"
"305","Y1990","Export Quantity",12411,"Americas"
"306","Y1990","Export Value",5804,"Americas"
"307","Y1990","Import Quantity",344637,"Americas"
"308","Y1990","Import Value",113432,"Americas"
"309","Y1991","Export Quantity",18835,"Americas"
"310","Y1991","Export Value",10099,"Americas"
"311","Y1991","Import Quantity",348888,"Americas"
"312","Y1991","Import Value",122885,"Americas"
"313","Y1992","Export Quantity",40104,"Americas"
"314","Y1992","Export Value",17739,"Americas"
"315","Y1992","Import Quantity",296277,"Americas"
"316","Y1992","Import Value",118453,"Americas"
"317","Y1993","Export Quantity",46375,"Americas"
"318","Y1993","Export Value",21275,"Americas"
"319","Y1993","Import Quantity",394381,"Americas"
"320","Y1993","Import Value",168596,"Americas"
"321","Y1994","Export Quantity",89776,"Americas"
"322","Y1994","Export Value",43825,"Americas"
"323","Y1994","Import Quantity",443812,"Americas"
"324","Y1994","Import Value",206361,"Americas"
"325","Y1995","Export Quantity",114541,"Americas"
"326","Y1995","Export Value",70711,"Americas"
"327","Y1995","Import Quantity",221295,"Americas"
"328","Y1995","Import Value",149519,"Americas"
"329","Y1996","Export Quantity",151695,"Americas"
"330","Y1996","Export Value",83223,"Americas"
"331","Y1996","Import Quantity",208491,"Americas"
"332","Y1996","Import Value",113732,"Americas"
"333","Y1997","Export Quantity",196455,"Americas"
"334","Y1997","Export Value",106829,"Americas"
"335","Y1997","Import Quantity",366357,"Americas"
"336","Y1997","Import Value",199809,"Americas"
"337","Y1998","Export Quantity",234006,"Americas"
"338","Y1998","Export Value",149374,"Americas"
"339","Y1998","Import Quantity",333339,"Americas"
"340","Y1998","Import Value",197379,"Americas"
"341","Y1999","Export Quantity",305005,"Americas"
"342","Y1999","Export Value",135932,"Americas"
"343","Y1999","Import Quantity",347398,"Americas"
"344","Y1999","Import Value",193792,"Americas"
"345","Y2000","Export Quantity",321308,"Americas"
"346","Y2000","Export Value",118118,"Americas"
"347","Y2000","Import Quantity",420753,"Americas"
"348","Y2000","Import Value",172797,"Americas"
"349","Y2001","Export Quantity",320650,"Americas"
"350","Y2001","Export Value",109826,"Americas"
"351","Y2001","Import Quantity",475981,"Americas"
"352","Y2001","Import Value",172100,"Americas"
"353","Y2002","Export Quantity",300991,"Americas"
"354","Y2002","Export Value",131918,"Americas"
"355","Y2002","Import Quantity",577344,"Americas"
"356","Y2002","Import Value",224816,"Americas"
"357","Y2003","Export Quantity",468123,"Americas"
"358","Y2003","Export Value",221617,"Americas"
"359","Y2003","Import Quantity",647262,"Americas"
"360","Y2003","Import Value",310373,"Americas"
"361","Y2004","Export Quantity",665071,"Americas"
"362","Y2004","Export Value",337293,"Americas"
"363","Y2004","Import Quantity",833616,"Americas"
"364","Y2004","Import Value",436166,"Americas"
"365","Y2005","Export Quantity",727447,"Americas"
"366","Y2005","Export Value",317210,"Americas"
"367","Y2005","Import Quantity",940831,"Americas"
"368","Y2005","Import Value",453618,"Americas"
"369","Y2006","Export Quantity",727440,"Americas"
"370","Y2006","Export Value",357396,"Americas"
"371","Y2006","Import Quantity",1299971,"Americas"
"372","Y2006","Import Value",669851,"Americas"
"373","Y2007","Export Quantity",945352,"Americas"
"374","Y2007","Export Value",676212,"Americas"
"375","Y2007","Import Quantity",1475670,"Americas"
"376","Y2007","Import Value",1087921,"Americas"
"377","Y2008","Export Quantity",822832,"Americas"
"378","Y2008","Export Value",889039,"Americas"
"379","Y2008","Import Quantity",1798266,"Americas"
"380","Y2008","Import Value",1918214,"Americas"
"381","Y2009","Export Quantity",793417,"Americas"
"382","Y2009","Export Value",586048,"Americas"
"383","Y2009","Import Quantity",1838103,"Americas"
"384","Y2009","Import Value",1401598,"Americas"
"385","Y2010","Export Quantity",615625,"Americas"
"386","Y2010","Export Value",554581,"Americas"
"387","Y2010","Import Quantity",1942743,"Americas"
"388","Y2010","Import Value",1744838,"Americas"
"389","Y2011","Export Quantity",972973,"Americas"
"390","Y2011","Export Value",1109166,"Americas"
"391","Y2011","Import Quantity",2180050,"Americas"
"392","Y2011","Import Value",2603953,"Americas"
"393","Y2012","Export Quantity",1369992,"Americas"
"394","Y2012","Export Value",1429666,"Americas"
"395","Y2012","Import Quantity",2139194,"Americas"
"396","Y2012","Import Value",2335319,"Americas"
"397","Y2013","Export Quantity",1157828,"Americas"
"398","Y2013","Export Value",1002379,"Americas"
"399","Y2013","Import Quantity",2611824,"Americas"
"400","Y2013","Import Value",2395726,"Americas"
"401","Y2014","Export Quantity",1578436.96,"Americas"
"402","Y2014","Export Value",1342670,"Americas"
"403","Y2014","Import Quantity",2534011.77,"Americas"
"404","Y2014","Import Value",2319635,"Americas"
"405","Y2015","Export Quantity",1903655.2,"Americas"
"406","Y2015","Export Value",1296640,"Americas"
"407","Y2015","Import Quantity",2566134.61,"Americas"
"408","Y2015","Import Value",1964859,"Americas"
"409","Y2016","Export Quantity",2118524.4,"Americas"
"410","Y2016","Export Value",1401522,"Americas"
"411","Y2016","Import Quantity",2707321.33,"Americas"
"412","Y2016","Import Value",1933982,"Americas"
"413","Y2017","Export Quantity",2458475.9,"Americas"
"414","Y2017","Export Value",1746760,"Americas"
"415","Y2017","Import Quantity",2697906.61,"Americas"
"416","Y2017","Import Value",2141692,"Americas"
"417","Y2018","Export Quantity",2654490.89,"Americas"
"418","Y2018","Export Value",1683763,"Americas"
"419","Y2018","Import Quantity",3034383.26,"Americas"
"420","Y2018","Import Value",2223222,"Americas"
"421","Y2019","Export Quantity",2324681.76,"Americas"
"422","Y2019","Export Value",1312271,"Americas"
"423","Y2019","Import Quantity",2985295.01,"Americas"
"424","Y2019","Import Value",1919938,"Americas"
"425","Y2020","Export Quantity",2562139.55,"Americas"
"426","Y2020","Export Value",1743851,"Americas"
"427","Y2020","Import Quantity",2770111.06,"Americas"
"428","Y2020","Import Value",2138955,"Americas"
"429","Y2021","Export Quantity",2095731.7,"Americas"
"430","Y2021","Export Value",2210425,"Americas"
"431","Y2021","Import Quantity",3146689.71,"Americas"
"432","Y2021","Import Value",3414651,"Americas"
"433","Y1986","Export Quantity",91533,"Europe"
"434","Y1986","Export Value",57602,"Europe"
"435","Y1986","Import Quantity",852287,"Europe"
"436","Y1986","Import Value",256636,"Europe"
"437","Y1987","Export Quantity",86192,"Europe"
"438","Y1987","Export Value",48486,"Europe"
"439","Y1987","Import Quantity",1122512,"Europe"
"440","Y1987","Import Value",379242,"Europe"
"441","Y1988","Export Quantity",88064,"Europe"
"442","Y1988","Export Value",58009,"Europe"
"443","Y1988","Import Quantity",997784,"Europe"
"444","Y1988","Import Value",445513,"Europe"
"445","Y1989","Export Quantity",99419,"Europe"
"446","Y1989","Export Value",60628,"Europe"
"447","Y1989","Import Quantity",1421685,"Europe"
"448","Y1989","Import Value",564191,"Europe"
"449","Y1990","Export Quantity",109017,"Europe"
"450","Y1990","Export Value",66523,"Europe"
"451","Y1990","Import Quantity",1149824,"Europe"
"452","Y1990","Import Value",417899,"Europe"
"453","Y1991","Export Quantity",209991,"Europe"
"454","Y1991","Export Value",120997,"Europe"
"455","Y1991","Import Quantity",1740437,"Europe"
"456","Y1991","Import Value",658681,"Europe"
"457","Y1992","Export Quantity",220289,"Europe"
"458","Y1992","Export Value",149096,"Europe"
"459","Y1992","Import Quantity",1776595,"Europe"
"460","Y1992","Import Value",763671,"Europe"
"461","Y1993","Export Quantity",288502,"Europe"
"462","Y1993","Export Value",179291,"Europe"
"463","Y1993","Import Quantity",1862301,"Europe"
"464","Y1993","Import Value",790524,"Europe"
"465","Y1994","Export Quantity",282402,"Europe"
"466","Y1994","Export Value",207352,"Europe"
"467","Y1994","Import Quantity",2126592,"Europe"
"468","Y1994","Import Value",1038890,"Europe"
"469","Y1995","Export Quantity",304696,"Europe"
"470","Y1995","Export Value",275483,"Europe"
"471","Y1995","Import Quantity",1951616,"Europe"
"472","Y1995","Import Value",1326816,"Europe"
"473","Y1996","Export Quantity",470693,"Europe"
"474","Y1996","Export Value",361010,"Europe"
"475","Y1996","Import Quantity",2078835,"Europe"
"476","Y1996","Import Value",1224593,"Europe"
"477","Y1997","Export Quantity",565494,"Europe"
"478","Y1997","Export Value",387074,"Europe"
"479","Y1997","Import Quantity",2089531,"Europe"
"480","Y1997","Import Value",1195424,"Europe"
"481","Y1998","Export Quantity",545039,"Europe"
"482","Y1998","Export Value",420653,"Europe"
"483","Y1998","Import Quantity",2549240,"Europe"
"484","Y1998","Import Value",1647582,"Europe"
"485","Y1999","Export Quantity",614651,"Europe"
"486","Y1999","Export Value",411562,"Europe"
"487","Y1999","Import Quantity",2606089,"Europe"
"488","Y1999","Import Value",1348418,"Europe"
"489","Y2000","Export Quantity",548486,"Europe"
"490","Y2000","Export Value",278587,"Europe"
"491","Y2000","Import Quantity",3107543,"Europe"
"492","Y2000","Import Value",1136637,"Europe"
"493","Y2001","Export Quantity",641249,"Europe"
"494","Y2001","Export Value",264494,"Europe"
"495","Y2001","Import Quantity",3855306,"Europe"
"496","Y2001","Import Value",1213151,"Europe"
"497","Y2002","Export Quantity",673103,"Europe"
"498","Y2002","Export Value",351055,"Europe"
"499","Y2002","Import Quantity",4223609,"Europe"
"500","Y2002","Import Value",1697942,"Europe"
"501","Y2003","Export Quantity",833817,"Europe"
"502","Y2003","Export Value",528678,"Europe"
"503","Y2003","Import Quantity",4589358,"Europe"
"504","Y2003","Import Value",2204104,"Europe"
"505","Y2004","Export Quantity",1065422,"Europe"
"506","Y2004","Export Value",724916,"Europe"
"507","Y2004","Import Quantity",5367356,"Europe"
"508","Y2004","Import Value",2858009,"Europe"
"509","Y2005","Export Quantity",1198849,"Europe"
"510","Y2005","Export Value",742188,"Europe"
"511","Y2005","Import Quantity",6411370,"Europe"
"512","Y2005","Import Value",3098044,"Europe"
"513","Y2006","Export Quantity",1394582,"Europe"
"514","Y2006","Export Value",917690,"Europe"
"515","Y2006","Import Quantity",6775979,"Europe"
"516","Y2006","Import Value",3486896,"Europe"
"517","Y2007","Export Quantity",1821771,"Europe"
"518","Y2007","Export Value",1522889,"Europe"
"519","Y2007","Import Quantity",6154675,"Europe"
"520","Y2007","Import Value",4411307,"Europe"
"521","Y2008","Export Quantity",2129888,"Europe"
"522","Y2008","Export Value",2404789,"Europe"
"523","Y2008","Import Quantity",7391196,"Europe"
"524","Y2008","Import Value",7599462,"Europe"
"525","Y2009","Export Quantity",1823293,"Europe"
"526","Y2009","Export Value",1708828,"Europe"
"527","Y2009","Import Quantity",7981708,"Europe"
"528","Y2009","Import Value",6137169,"Europe"
"529","Y2010","Export Quantity",1710654,"Europe"
"530","Y2010","Export Value",1746500,"Europe"
"531","Y2010","Import Quantity",8073109,"Europe"
"532","Y2010","Import Value",6760457,"Europe"
"533","Y2011","Export Quantity",1771749,"Europe"
"534","Y2011","Export Value",2403272,"Europe"
"535","Y2011","Import Quantity",7411598,"Europe"
"536","Y2011","Import Value",8614567,"Europe"
"537","Y2012","Export Quantity",1786417,"Europe"
"538","Y2012","Export Value",2229223,"Europe"
"539","Y2012","Import Quantity",8495711,"Europe"
"540","Y2012","Import Value",9332126,"Europe"
"541","Y2013","Export Quantity",2013428,"Europe"
"542","Y2013","Export Value",2235650,"Europe"
"543","Y2013","Import Quantity",10324629,"Europe"
"544","Y2013","Import Value",9715101,"Europe"
"545","Y2014","Export Quantity",1745624.88,"Europe"
"546","Y2014","Export Value",1862144,"Europe"
"547","Y2014","Import Quantity",9852746.99,"Europe"
"548","Y2014","Import Value",9018814,"Europe"
"549","Y2015","Export Quantity",1910541.23,"Europe"
"550","Y2015","Export Value",1616470,"Europe"
"551","Y2015","Import Quantity",9899943.11,"Europe"
"552","Y2015","Import Value",7271745,"Europe"
"553","Y2016","Export Quantity",2030854.01,"Europe"
"554","Y2016","Export Value",1734386,"Europe"
"555","Y2016","Import Quantity",10045584.64,"Europe"
"556","Y2016","Import Value",7272891,"Europe"
"557","Y2017","Export Quantity",2203895.66,"Europe"
"558","Y2017","Export Value",2060561,"Europe"
"559","Y2017","Import Quantity",10499653.75,"Europe"
"560","Y2017","Import Value",8408725,"Europe"
"561","Y2018","Export Quantity",2048585.62,"Europe"
"562","Y2018","Export Value",1873005,"Europe"
"563","Y2018","Import Quantity",10427913.56,"Europe"
"564","Y2018","Import Value",7751517,"Europe"
"565","Y2019","Export Quantity",2054151.58,"Europe"
"566","Y2019","Export Value",1646661,"Europe"
"567","Y2019","Import Quantity",10909834.3,"Europe"
"568","Y2019","Import Value",7104377,"Europe"
"569","Y2020","Export Quantity",1924953.07,"Europe"
"570","Y2020","Export Value",1729709,"Europe"
"571","Y2020","Import Quantity",10740835.16,"Europe"
"572","Y2020","Import Value",8148009,"Europe"
"573","Y2021","Export Quantity",1837235.06,"Europe"
"574","Y2021","Export Value",2261294,"Europe"
"575","Y2021","Import Quantity",9472268.96,"Europe"
"576","Y2021","Import Value",10351776,"Europe"
"577","Y1986","Export Quantity",126586,"Oceania"
"578","Y1986","Export Value",30200,"Oceania"
"579","Y1986","Import Quantity",27782,"Oceania"
"580","Y1986","Import Value",9423,"Oceania"
"581","Y1987","Export Quantity",101166,"Oceania"
"582","Y1987","Export Value",27726,"Oceania"
"583","Y1987","Import Quantity",65283,"Oceania"
"584","Y1987","Import Value",21703,"Oceania"
"585","Y1988","Export Quantity",101025,"Oceania"
"586","Y1988","Export Value",36936,"Oceania"
"587","Y1988","Import Quantity",78159,"Oceania"
"588","Y1988","Import Value",33917,"Oceania"
"589","Y1989","Export Quantity",125806,"Oceania"
"590","Y1989","Export Value",42899,"Oceania"
"591","Y1989","Import Quantity",122752,"Oceania"
"592","Y1989","Import Value",30574,"Oceania"
"593","Y1990","Export Quantity",100449,"Oceania"
"594","Y1990","Export Value",24730,"Oceania"
"595","Y1990","Import Quantity",91314,"Oceania"
"596","Y1990","Import Value",28152,"Oceania"
"597","Y1991","Export Quantity",166302,"Oceania"
"598","Y1991","Export Value",47324,"Oceania"
"599","Y1991","Import Quantity",97867,"Oceania"
"600","Y1991","Import Value",32922,"Oceania"
"601","Y1992","Export Quantity",166647,"Oceania"
"602","Y1992","Export Value",55234,"Oceania"
"603","Y1992","Import Quantity",101342,"Oceania"
"604","Y1992","Import Value",39959,"Oceania"
"605","Y1993","Export Quantity",213278,"Oceania"
"606","Y1993","Export Value",72352,"Oceania"
"607","Y1993","Import Quantity",103952,"Oceania"
"608","Y1993","Import Value",43265,"Oceania"
"609","Y1994","Export Quantity",184,"Oceania"
"610","Y1994","Export Value",158,"Oceania"
"611","Y1994","Import Quantity",10218,"Oceania"
"612","Y1994","Import Value",5879,"Oceania"
"613","Y1995","Export Quantity",222,"Oceania"
"614","Y1995","Export Value",204,"Oceania"
"615","Y1995","Import Quantity",13113,"Oceania"
"616","Y1995","Import Value",9375,"Oceania"
"617","Y1996","Export Quantity",47,"Oceania"
"618","Y1996","Export Value",96587,"Oceania"
"619","Y1996","Import Quantity",110416,"Oceania"
"620","Y1996","Import Value",60787,"Oceania"
"621","Y1997","Export Quantity",856,"Oceania"
"622","Y1997","Export Value",874,"Oceania"
"623","Y1997","Import Quantity",10729,"Oceania"
"624","Y1997","Import Value",64971,"Oceania"
"625","Y1998","Export Quantity",1028,"Oceania"
"626","Y1998","Export Value",885,"Oceania"
"627","Y1998","Import Quantity",10588,"Oceania"
"628","Y1998","Import Value",61475,"Oceania"
"629","Y1999","Export Quantity",141,"Oceania"
"630","Y1999","Export Value",136,"Oceania"
"631","Y1999","Import Quantity",121571,"Oceania"
"632","Y1999","Import Value",68879,"Oceania"
"633","Y2000","Export Quantity",70,"Oceania"
"634","Y2000","Export Value",157,"Oceania"
"635","Y2000","Import Quantity",125998,"Oceania"
"636","Y2000","Import Value",50794,"Oceania"
"637","Y2001","Export Quantity",188519,"Oceania"
"638","Y2001","Export Value",73233,"Oceania"
"639","Y2001","Import Quantity",137548,"Oceania"
"640","Y2001","Import Value",47931,"Oceania"
"641","Y2002","Export Quantity",1041,"Oceania"
"642","Y2002","Export Value",364,"Oceania"
"643","Y2002","Import Quantity",144906,"Oceania"
"644","Y2002","Import Value",57056,"Oceania"
"645","Y2003","Export Quantity",64,"Oceania"
"646","Y2003","Export Value",39,"Oceania"
"647","Y2003","Import Quantity",126966,"Oceania"
"648","Y2003","Import Value",55419,"Oceania"
"649","Y2004","Export Quantity",44,"Oceania"
"650","Y2004","Export Value",40,"Oceania"
"651","Y2004","Import Quantity",136784,"Oceania"
"652","Y2004","Import Value",66018,"Oceania"
"653","Y2005","Export Quantity",45,"Oceania"
"654","Y2005","Export Value",37,"Oceania"
"655","Y2005","Import Quantity",137538,"Oceania"
"656","Y2005","Import Value",63799,"Oceania"
"657","Y2006","Export Quantity",4698,"Oceania"
"658","Y2006","Export Value",2061,"Oceania"
"659","Y2006","Import Quantity",167437,"Oceania"
"660","Y2006","Import Value",73022,"Oceania"
"661","Y2007","Export Quantity",19841,"Oceania"
"662","Y2007","Export Value",14112,"Oceania"
"663","Y2007","Import Quantity",153644,"Oceania"
"664","Y2007","Import Value",107107,"Oceania"
"665","Y2008","Export Quantity",7439,"Oceania"
"666","Y2008","Export Value",5594,"Oceania"
"667","Y2008","Import Quantity",165567,"Oceania"
"668","Y2008","Import Value",163715,"Oceania"
"669","Y2009","Export Quantity",55,"Oceania"
"670","Y2009","Export Value",114,"Oceania"
"671","Y2009","Import Quantity",160842,"Oceania"
"672","Y2009","Import Value",135307,"Oceania"
"673","Y2010","Export Quantity",242,"Oceania"
"674","Y2010","Export Value",335,"Oceania"
"675","Y2010","Import Quantity",143592,"Oceania"
"676","Y2010","Import Value",116637,"Oceania"
"677","Y2011","Export Quantity",23439,"Oceania"
"678","Y2011","Export Value",36592,"Oceania"
"679","Y2011","Import Quantity",131494,"Oceania"
"680","Y2011","Import Value",155468,"Oceania"
"681","Y2012","Export Quantity",38303,"Oceania"
"682","Y2012","Export Value",38732,"Oceania"
"683","Y2012","Import Quantity",127994,"Oceania"
"684","Y2012","Import Value",141074,"Oceania"
"685","Y2013","Export Quantity",25410,"Oceania"
"686","Y2013","Export Value",27527,"Oceania"
"687","Y2013","Import Quantity",128991,"Oceania"
"688","Y2013","Import Value",112897,"Oceania"
"689","Y2014","Export Quantity",574898.56,"Oceania"
"690","Y2014","Export Value",468313,"Oceania"
"691","Y2014","Import Quantity",167563.95,"Oceania"
"692","Y2014","Import Value",150362,"Oceania"
"693","Y2015","Export Quantity",637437.05,"Oceania"
"694","Y2015","Export Value",403132,"Oceania"
"695","Y2015","Import Quantity",178111.76,"Oceania"
"696","Y2015","Import Value",133548,"Oceania"
"697","Y2016","Export Quantity",606639.44,"Oceania"
"698","Y2016","Export Value",364051,"Oceania"
"699","Y2016","Import Quantity",172213.47,"Oceania"
"700","Y2016","Import Value",129172,"Oceania"
"701","Y2017","Export Quantity",699333.7,"Oceania"
"702","Y2017","Export Value",489783,"Oceania"
"703","Y2017","Import Quantity",204544.45,"Oceania"
"704","Y2017","Import Value",156948,"Oceania"
"705","Y2018","Export Quantity",707642.04,"Oceania"
"706","Y2018","Export Value",455428,"Oceania"
"707","Y2018","Import Quantity",205417.15,"Oceania"
"708","Y2018","Import Value",160650,"Oceania"
"709","Y2019","Export Quantity",773773.25,"Oceania"
"710","Y2019","Export Value",396768,"Oceania"
"711","Y2019","Import Quantity",173972.02,"Oceania"
"712","Y2019","Import Value",119026,"Oceania"
"713","Y2020","Export Quantity",743079.71,"Oceania"
"714","Y2020","Export Value",460703,"Oceania"
"715","Y2020","Import Quantity",132678,"Oceania"
"716","Y2020","Import Value",116733,"Oceania"
"717","Y2021","Export Quantity",779576.02,"Oceania"
"718","Y2021","Export Value",747036,"Oceania"
"719","Y2021","Import Quantity",154175.63,"Oceania"
"720","Y2021","Import Value",190700,"Oceania"
